{
    "loss": 11.579910278320312,
    "accuracy": 0.5686274766921997
}