{
    "loss": 5.894757270812988,
    "accuracy": 0.45098039507865906
}