{
    "loss": 17.048322677612305,
    "accuracy": 0.4313725531101227
}