{
    "loss": 4.303761005401611,
    "accuracy": 0.7843137383460999
}